INSERT INTO wonder_library.books VALUES
('E34443', 'FUNDAMENTALS OF DATABASE DESIGN', '6', '51', 'ENGINEERING'),
('E34444', 'FUNDAMENTALS OF DATABASE DESIGN', '7', '51', 'ENGINEERING'),
('M67856', 'ANATOMY BASICS', '8', '52', 'MEDICINE'),
('M67810', 'ANATOMY BASICS', '9', '52', 'MEDICINE'),
('M67813', 'ANATOMY BASICS', '7', '52', 'MEDICINE'),
('E78698', 'DATA STRUCTURES AND ALGORITHMS', '4', '53' , 'ENGINEERING'),
('E78612', 'DATA STRUCTURES AND ALGORITHMS', '5', '53' , 'ENGINEERING'),
('E87871', 'OPERATING SYSTEM CONCEPTS', '1', '54' , 'ENGINEERING'),
('E87876', 'OPERATING SYSTEM CONCEPTS', '2', '54' , 'ENGINEERING'),
('E12235', 'COMPUTER ARCHITECTURE', '7', '55' , 'ENGINEERING'),
('E12238', 'COMPUTER ARCHITECTURE', '8', '55' , 'ENGINEERING');

INSERT INTO PERSON (FIRST_NAME, LAST_NAME, ADDRESS, GENDER, DATE_OF_BIRTH, PERSON_ID) VALUES
('JAMES','WELLINGTON', '7806 Dickerson Blvd, Dallas, TX, 75254', 'MALE', '1970-01-01', 'P169'),
('OLIVER','BRUCE',     '7807 Dickerson Blvd, Dallas, TX, 75254', 'MALE', '1970-02-01',     'P168'),
('KIM','ARMSTRONG',    '7808 Dickerson Blvd, Dallas, TX, 75254', 'MALE', '1970-03-01',    'P167'),
('JEFFREY','ARCHER', '7809 Dickerson Blvd, Dallas, TX, 75254', 'MALE', '1970-04-01', 'P166'),
('JIM','KILSTNER',   '7810 Dickerson Blvd, Dallas, TX, 75254', 'MALE', '1970-05-01', 'P165'),
('SAM','REED',       '7811 Dickerson Blvd, Dallas, TX, 75254', 'FEMALE', '1970-06-01', 'P164'),
('STIL','JUPITER',   '7812 Dickerson Blvd, Dallas, TX, 75254', 'MALE', '1970-07-01', 'P170'),
('BRUCE','RODNEY',   '7813 Dickerson Blvd, Dallas, TX, 75254', 'MALE', '1970-08-01', 'P171'),
('SARAH','WELLINGTON','7814 Dickerson Blvd, Dallas, TX, 75254', 'FEMALE', '1970-09-01', 'P172'),
('TYLER','GREY',     '7815 Dickerson Blvd, Dallas, TX, 75254', 'MALE', '1970-10-01', 'P173');


INSERT INTO WONDER_LIBRARY.AUTHOR VALUES
('A100', 'JAMES WELLINGTON', 'P169'),
('A101', 'OLIVER BRUCE', 'P168'),
('A102', 'KIM ARMSTRONG', 'P167'),
('A103', 'JEFFREY ARCHER', 'P166'),
('A104', 'JIM KILSTNER', 'P165'),
('A105', 'SAM REED', 'P164'),
('A106', 'STIL JUPITER', 'P170'),
('A107', 'BRUCE RODNEY', 'P171'),
('A108', 'ERIC WELLINGTON', 'P172'),
('A109', 'TYLER GREY', 'P173');


INSERT INTO WONDER_LIBRARY.WRITES_BOOK VALUES
('E34443', 'A100'),
('E34443', 'A101'),
('E34443', 'A102'),
('E34444', 'A100'),
('E34444', 'A101'),
('E34444', 'A102'),
('M67856', 'A103'),
('M67856', 'A104'),
('M67810', 'A103'),
('M67810', 'A104'),
('M67813', 'A103'),
('M67813', 'A104'),
('E78698', 'A105'),
('E78612', 'A105'),
('E87871', 'A106'),
('E87876', 'A106'),
('E12235', 'A107'),
('E12235', 'A108'),
('E12235', 'A109'),
('E12238', 'A107'),
('E12238', 'A108'),
('E12238', 'A109');

select * from wonder_library.writes_book;
select * from wonder_library.books;