INSERT INTO PERSON (PERSON_ID, FIRST_NAME, MIDDLE_NAME, LAST_NAME, ADDRESS, GENDER, DATE_OF_BIRTH) VALUES
('P090', 'RAGHU', 'NATH', 'PRASAD', '5811 DICKERSON ST, APT.2120','MALE', '1978-07-14'),
('P091', 'RAM', 'NATH', 'RAJU', '5811 DICKERSON ST, APT.2121','MALE', '1980-06-04'),
('P092', 'CHANDRA', NULL, 'SHEKHAR', '5821 DICKERSON ST, APT.9210','MALE', '1968-05-11'),
('P093', 'RAJA', NULL, 'RAO', '5813 DICKERSON ST, APT.2121','MALE', '1998-03-14'),
('P094', 'BALA', NULL, 'KUMAR', '5815 DICKERSON ST, APT.8201','MALE', '1988-05-12'),
('P095', 'SAMANTHA', NULL, 'JONES', '5817 COIT RD, APT.6006','FEMALE', '1995-07-08'),
('P096', 'TOM', NULL, 'JONES', '5811 DICKERSON ST, APT.9109','MALE', '1995-02-11'),
('P097', 'SUSAN', 'JAMES', 'WITCHOWSKI', '5817 DICKERSON ST, APT.3301','FEMALE', '1980-11-11'),
('P098', 'JON', NULL, 'SNOW', '5820 DICKERSON ST, APT.2201','MALE', '1989-08-23'),
('P099', 'SHELDON', NULL, 'JACKSON', '5815 DICKERSON ST, APT.8201','MALE', '1988-05-12'),
('P100', 'BRIAN', NULL, 'GRIFFIN', '5915 DICKERSON ST, APT.8201','MALE', '1960-01-11'),
('P101', 'STEWIE', NULL, 'GRIFFIN', '5815 DICKERSON ST, APT.8201','MALE', '1999-06-01'),
('P102', 'MEG', NULL, 'GRIFFIN', '5815 DICKERSON ST, APT.8201','FEMALE', '1985-03-19'),
('P103', 'PETER', NULL, 'GRIFFIN', '5815 DICKERSON ST, APT.8201','MALE', '1960-05-14'),
('P104', 'GLENN', NULL, 'QUAGMIRE', '5819 DICKERSON ST, APT.9106','MALE', '1969-12-01');

INSERT INTO PERSON (PERSON_ID, FIRST_NAME, MIDDLE_NAME, LAST_NAME, ADDRESS, GENDER, DATE_OF_BIRTH) VALUES
('P163', 'RAJESH', '', 'SHARMA', '7918 COIT ROAD #085, DALLAS', 'MALE', '1995-8-22'),
('P162', 'WILLIAM', '', 'SHATNER', '7558 PRESTON VILLAGE #9077, DALLAS', 'MALE', '1990-06-3'),
('P161', 'ROBERT', '', 'WILLIAMS', '7868 COIT RD #674, DALLAS', 'MALE', '1992-12-05'),
('P158', 'HOWARD', 'A', 'MOGLEN', '7922 COIT ROAD #783, DALLAS', 'MALE', '1996-12-12'),
('P159', 'MICHAEL', '', 'DELL', '7226 PRESTON VILLAGE #092, DALLAS', 'MALE', '2000-4-13'),
('P160', 'JULIE', '', 'HAYDEN', '7126 COIT RD #914, DALLAS', 'FEMALE', '1999-12-25'),
('P155', 'MIKE', 'A', 'ROSS', '7914 COIT ROAD #782, DALLAS', 'MALE', '1997-8-12'),
('P156', 'PETER', '', 'LYNCH', '7556 PRESTON VILLAGE #892, DALLAS', 'MALE', '1992-06-23'),
('P157', 'JESSICA', '', 'STUART', '7866 COIT RD #974, DALLAS', 'FEMALE', '1993-12-25'),
('P154', 'JIM', 'A', 'MORIARTY', '7814 BROKEN ROAD, DALLAS', 'MALE', '1997-8-12'),
('P152', 'HARVEY', '', 'WILLIAMS', '7856 PRESTON ROAD, DALLAS', 'MALE', '1995-05-3'),
('P153', 'STACY', '', 'WALKER', '7862 COIT RD, DALLAS', 'FEMALE', '1994-12-05'),
('P150', 'MICHAEL', 'CHARLES', 'DYER', '7805 Dickerson Blvd, Dallas, TX, 75254', 'MALE', '1996-04-23');

INSERT INTO PERSON (FIRST_NAME, LAST_NAME, ADDRESS, GENDER, DATE_OF_BIRTH, PERSON_ID) VALUES
('JAMES','WELLINGTON', '7806 Dickerson Blvd, Dallas, TX, 75254', 'MALE', '1970-01-01', 'P169'),
('OLIVER','BRUCE',     '7807 Dickerson Blvd, Dallas, TX, 75254', 'MALE', '1970-02-01',     'P168'),
('KIM','ARMSTRONG',    '7808 Dickerson Blvd, Dallas, TX, 75254', 'MALE', '1970-03-01',    'P167'),
('JEFFREY','ARCHER', '7809 Dickerson Blvd, Dallas, TX, 75254', 'MALE', '1970-04-01', 'P166'),
('JIM','KILSTNER',   '7810 Dickerson Blvd, Dallas, TX, 75254', 'MALE', '1970-05-01', 'P165'),
('SAM','REED',       '7811 Dickerson Blvd, Dallas, TX, 75254', 'FEMALE', '1970-06-01', 'P164'),
('STIL','JUPITER',   '7812 Dickerson Blvd, Dallas, TX, 75254', 'MALE', '1970-07-01', 'P170'),
('BRUCE','RODNEY',   '7813 Dickerson Blvd, Dallas, TX, 75254', 'MALE', '1970-08-01', 'P171'),
('SARAH','WELLINGTON','7814 Dickerson Blvd, Dallas, TX, 75254', 'FEMALE', '1970-09-01', 'P172'),
('TYLER','GREY',     '7815 Dickerson Blvd, Dallas, TX, 75254', 'MALE', '1970-10-01', 'P173');

INSERT INTO PERSON (PERSON_ID, FIRST_NAME, MIDDLE_NAME, LAST_NAME, ADDRESS, GENDER, DATE_OF_BIRTH) VALUES
('P121', 'EREN', '', 'JAEGAR', '6801 BROKEN HOUSE SHIGANSHINA', 'MALE', '1990-12-20'),
('P122', 'ARMIN', '', 'ARLERT', '6802 UNKNOWN HOUSE SHIGANSHINA', 'MALE', '1990-11-22'),
('P123', 'MIKASA', '', 'ACKERMANN', '6801 BROKEN HOUSE SHIGANSHINA', 'FEMALE', '1990-12-25'),
('P124', 'JEAN', '', 'KISRTEIN', '6814 RED LANE SHIGANSHINA', 'MALE', '1989-08-13'),
('P125', 'CONNY', '', 'SPRINGER', '6878 RAGAKO VILLAGE', 'MALE', '1990-09-21'),
('P126', 'SASHA', '', 'BRAUS', '6777 WELL BLVD DAUPER', 'FEMALE', '1991-04-01'),
('P127', 'REINER', '', 'BRAUN', '6543 LIBERIO STREET MARLEY', 'MALE', '1988-06-19'),
('P128', 'BERTHOLDT', '', 'HOOVER', '6542 LIBERIO STREET MARLEY', 'MALE', '1988-12-26'),
('P129', 'ANNIE', '', 'LEONHART', '6555 LIBERIO STREET MARLEY', 'FEMALE', '1990-02-12'),
('P130', 'LEVI', '', 'ACKERMANN', '6666 UNDERGROUND CITY', 'MALE', '1986-10-10'),
('P131', 'ERWIN', '', 'SMITH', '6000 SCOUTS BLVD PARADIS', 'MALE', '1983-08-04'),
('P132', 'HISTORIA', '', 'REISS', '6001 WALL SHINA ROAD MITRAS', 'FEMALE', '1991-03-25'),
('P133', 'YMIR', '', 'FRITZ', '6002 LIBERIO STREET MARLEY', 'FEMALE','1990-09-18'),
('P134', 'HANGE', '', 'ZOE', '6003 LEADER STREET PARADIS', 'FEMALE','1986-01-01'),
('P135', 'MARK', '', 'HANSEN', '6155 SEADRIVE ROAD CALIFORNIA', 'MALE', '1978-09-04'),
('P136', 'JAMES', '', 'CARTER', '1234 MARINE ROAD TEXAS', 'MALE', '1975-03-03'),
('P137', 'THOMAS', '', 'COOK', '3234 TRAVELLING BLVD WASHINGTON', 'MALE', '1968-12-11'),
('P138', 'JOHN', '', 'DOE', '2222 GARNER ROAD TEXAS', 'MALE',  '1977-01-19'),
('P139', 'KRISHNA', '', 'SHARMA', '7815 MCCALLUM BLVD DALLAS TEXAS','MALE',  '1975-04-17'),
('P140', 'PREETI', '', 'SHAH', '6464 ARTIFICAL ADDRESS', 'FEMALE', '1988-09-06');

INSERT INTO PERSON (PERSON_ID, FIRST_NAME, MIDDLE_NAME, LAST_NAME, ADDRESS, GENDER, DATE_OF_BIRTH) VALUES
('P105', 'CHARLES', '', 'PETZOLD', '8123 DIKERSON ST. APT. 3210','MALE', '1959-10-11'),
('P106', 'ROBERT', 'C', 'MARTIN', '1011 MARTIN ST. APT. 3210','MALE', '1973-02-11'),
('P107', 'STEVE', '', 'MCCONNELL', '1300 RANDOM ST.','MALE', '1955-03-19'),
('P108', 'ROBERT', '', 'SEDGEWICK', '1305 KEVIN ST. APT 3030','MALE', '1965-06-21'),
('P109', 'KEVIN', '', 'WAYNE', '1305 RODGER ST. APT 2001','MALE', '1971-03-22'),
('P110', 'BENJAMIN', 'C', 'PRICE', '1603 DANIEL ST. APT 5102','MALE', '1961-12-22');

INSERT INTO person_phone_number (PERSON_ID, PHONE_NUMBER) VALUES
('P163', '7367976267'),
('P162', '8473748296'),
('P161', '8673657454'),
('P158', '8587465772'),
('P159', '5762763949'),
('P160', '6354634656'),
('P155', '8574836466'),
('P156', '9278652675'),
('P157', '4536676745'),
('P154', '7645647747'),
('P152', '5454398765'),
('P153', '7564765477'),
('P150', '7456476565'),
('P150', '7456476435');

INSERT INTO PERSON_PHONE_NUMBER (PERSON_ID, PHONE_NUMBER) VALUES
('P121', '8420066886'),
('P122', '8320066886'),
('P123', '8220066876'),
('P124', '7648393758'),
('P125', '3758393553'),
('P126', '2299292948'),
('P126', '3839930284'),
('P126', '3739203587'),
('P127', '3890392019'),
('P121', '3675897478'),
('P122', '1039858734'),
('P128', '2357245687'),
('P129', '2839286458'),
('P129', '1381909837'),
('P130', '1938840983'),
('P130', '4647483894'),
('P131', '2839494848'),
('P132', '9848493938'),
('P133', '2749840383'),
('P134', '2738393947'),
('P135', '1263482934'),
('P136', '1231231234'),
('P137', '2349675838'),
('P138', '9838393834'),
('P138', '8376383934'),
('P139', '4345213872'),
('P140', '5537364545');

INSERT INTO PERSON_PHONE_NUMBER(PERSON_ID, PHONE_NUMBER) VALUES
('P090', '8578423761'),
('P090', '8978423761'),
('P091', '3578493761'),
('P091', '3578493762'),
('P092', '3571413961'),
('P093', '3678391761'),
('P094', '8290174819'),
('P095', '9578493769'),
('P096', '8578493762'),
('P097', '8578493763'),
('P097', '8578493764'),
('P098', '8578493765'),
('P098', '8578493766'),
('P099', '8789345288'),
('P100', '5675934897'),
('P101', '5675538912'),
('P102', '6896874531'),
('P103', '7897983421'),
('P104', '8978345122');

INSERT INTO AUTHOR (AUTHOR_ID, AUTHOR_NAME, PERSON_ID) VALUES 
('A301', 'MARK HANSEN', 'P135'),
('A302', 'JAMES CARTER', 'P136'),
('A303', 'THOMAS COOK', 'P137'),
('A304', 'JOHN DOE', 'P138'),
('A305', 'KRISHNA SHARMA', 'P139'),
('A306', 'PREETI SHAH', 'P140');

INSERT INTO AUTHOR VALUES
('A100', 'JAMES WELLINGTON', 'P169'),
('A101', 'OLIVER BRUCE', 'P168'),
('A102', 'KIM ARMSTRONG', 'P167'),
('A103', 'JEFFREY ARCHER', 'P166'),
('A104', 'JIM KILSTNER', 'P165'),
('A105', 'SAM REED', 'P164'),
('A106', 'STIL JUPITER', 'P170'),
('A107', 'BRUCE RODNEY', 'P171'),
('A108', 'ERIC WELLINGTON', 'P172'),
('A109', 'TYLER GREY', 'P173');

INSERT INTO AUTHOR(AUTHOR_ID, AUTHOR_NAME, PERSON_ID) VALUES
('A200', 'CHARLES PETZOLD', 'P105'),
('A201', 'ROBERT C MARTIN', 'P106'),
('A202', 'STEVE MCCONNELL', 'P107'),
('A203', 'ROBERT SEDGEWICK', 'P108'),
('A204', 'KEVIN WAYNE', 'P109'),
('A205', 'BENJAMIN C PRICE', 'P110');

------------------
-- LIBRARY CARD
------------------

INSERT INTO LIBRARY_CARD (CARD_ID, DATE_OF_ISSUE, MEMBERSHIP_LEVEL) VALUES
('1800', '2001-05-11', 'GOLD'),
('1801', '2002-05-20', 'SILVER'),
('1802', '2002-05-01', 'SILVER'),
('1803', '1999-09-19', 'GOLD'),
('1804', '2005-09-10', 'GOLD'),
('1805', '2002-01-01', 'GOLD'),
('1806', '2000-12-12', 'SILVER'),
('1807', '2000-09-08', 'SILVER');

INSERT INTO LIBRARY_CARD(CARD_ID, DATE_OF_ISSUE, MEMBERSHIP_LEVEL) VALUES
('1900', '2020-08-16', 'GOLD'),
('1901', '2020-03-14', 'GOLD'),
('1902', '2020-07-16', 'SILVER'),
('1903', '2019-1-10', 'SILVER'),
('1904', '2019-04-20', 'GOLD'),
('1905', '2019-11-03', 'SILVER'),
('1906', '2021-09-23', 'SILVER'),
('1907', '2020-10-14', 'GOLD'),
('1908', '2020-08-16', 'GOLD'),
('1909', '2021-02-10', 'SILVER'),
('1910', '2019-10-01', 'GOLD');

INSERT INTO LIBRARY_CARD (card_id, date_of_issue, MEMBERSHIP_LEVEL) VALUES
('2120', '2018-05-04', 'GOLD'),
('2109', '2019-06-17', 'GOLD'),
('2103', '2019-05-19', 'GOLD'),
('2122', '2020-11-17', 'GOLD'),
('2130', '2021-12-14', 'GOLD'),
('2124', '2018-04-14', 'SILVER'),
('2214', '2019-02-14', 'SILVER'),
('2216', '2018-08-14', 'SILVER'),
('2102', '2018-10-14', 'SILVER'),
('2128', '2019-05-04', 'SILVER'),
('2129', '2019-03-04', 'GOLD');

------------------
-- MEMBER
------------------

INSERT INTO MEMBER (PERSON_ID, CARD_ID) VALUES
('P134', '1800'),
('P133', '1801'),
('P132', '1802'),
('P131', '1803'),
('P130', '1804'),
('P129', '1805'),
('P128', '1806'),
('P127', '1807');

INSERT INTO MEMBER(PERSON_ID, CARD_ID) VALUES
('P090','1900'),
('P091','1901'),
('P092','1902'),
('P093','1903'),
('P094','1904'),
('P095','1905'),
('P096','1906'),
('P097','1907'),
('P098','1908'),
('P099','1909'),
('P100','1910');

INSERT INTO MEMBER (PERSON_ID, CARD_ID) VALUES
('P159', '2120'),
('P160', '2109'),
('P155', '2103'),
('P156', '2122'),
('P157', '2130'),
('P154', '2124'),
('P152', '2214'),
('P153', '2216'),
('P150', '2102'),
('P158', '2129'),
('P161', '2128');

------------------
-- EMPLOYEE
------------------
INSERT INTO EMPLOYEE(PERSON_ID, START_DATE, DESIGNATION) VALUES
('P101', '2019-02-11', 'RECEPTIONIST'),
('P102', '2018-12-10', 'LIBRARY SUPERVISOR'),
('P103', '2019-02-09', 'CATALOGING MANAGER'),
('P104', '2021-04-11', 'RECEPTIONIST');

INSERT INTO EMPLOYEE (PERSON_ID, START_DATE, DESIGNATION) VALUES
('P163', '2020-04-12', 'CATALOGING MANAGER'),
('P162', '2022-04-24', 'LIBRARY SUPERVISOR'),
('P161', '2020-2-2', 'RECEPTIONIST'),
('P158', '2020-01-01', 'RECEPTIONIST');

INSERT INTO EMPLOYEE (PERSON_ID, START_DATE, DESIGNATION) VALUES
('P121', '2003-01-02', 'CATALOGING MANAGER'),
('P122', '2003-01-02', 'CATALOGING MANAGER'),
('P123', '2003-01-02', 'CATALOGING MANAGER'),
('P124', '2003-01-03', 'RECEPTIONIST'),
('P125', '2003-01-03', 'RECEPTIONIST'),
('P126', '2003-01-03', 'RECEPTIONIST'),
('P130', '2000-01-01', 'LIBRARY SUPERVISOR'),
('P134', '2000-05-10', 'LIBRARY SUPERVISOR');

------------------
-- TRAINER
------------------

INSERT INTO TRAINER (TRAINER_ID, EMPLOYEE_ID, HOURS_OF_TRAINING, DATE_STARTED) VALUES
('T000', 'P103', 2, '2020-01-01'),
('T001', 'P121', 3, '2004-12-01'),
('T002', 'P123', 2, '2004-12-01'),
('T003', 'P163', 4, '2020-04-13'),
('T004', 'P134', 5, '2001-05-10'),
('T005', 'P130', 4, '2010-12-12'),
('T006', 'P102', 3, '2019-11-11'),
('T007', 'P162', 4, '2022-05-01'),
('T008', 'P122', 6, '2008-12-01');

------------------------------------------------------------------------
-- RECEPTIONIST, LIBRARY_SUPERVISOR, CATALOGING_MANAGER
------------------------------------------------------------------------

INSERT INTO RECEPTIONIST (PERSON_ID, TRAINER_ID) VALUES	
('P101', 'T000'),
('P104', 'T000'),
('P124', 'T000'),
('P125', 'T001'),
('P126', 'T005'),
('P158', 'T008'),
('P161', 'T008');

INSERT INTO LIBRARY_SUPERVISOR (PERSON_ID, TRAINER_ID) VALUES 
('P134', 'T004'),
('P130', 'T005'),
('P102', 'T006'),
('P162', 'T007');

INSERT INTO CATALOGING_MANAGER (PERSON_ID, TRAINER_ID) VALUES
('P103', 'T000'),
('P121', 'T001'),
('P123', 'T002'),
('P163', 'T003'),
('P122', 'T008');

------------------------
-- PAYMENT
------------------------

INSERT INTO PAYMENT (PAYMENT_ID, RECEPTIONIST_ID, MEMBER_ID, ISSUE_DATE, PAYMENT_METHOD, PAYMENT_TIME, AMOUNT) VALUES
('R2001', 'P101', 'P091', '2020-12-05', 'VISA', '2020-12-05 12:11:33', '43.34'),
('R2002', 'P104', 'P133', '2021-12-01', 'CASH', '2021-12-01 08:30:00', '33.55'),
('R2003', 'P101', 'P129', '2021-08-05', 'MASTERCARD', '2021-08-05 10:21:21', '21.21'),
('R2004', 'P161', 'P094', '2020-11-22', 'VISA', '2020-11-22 09:09:09', '9.09'),
('R2005', 'P161', 'P091', '2021-01-12', 'VISA', '2021-01-12 09:11:33', '11.34'),
('R2006', 'P158', 'P091', '2021-01-12', 'VISA', '2021-01-12 09:15:56', '15.56');

INSERT INTO PAYMENT(PAYMENT_ID, RECEPTIONIST_ID, MEMBER_ID, ISSUE_DATE, PAYMENT_METHOD, PAYMENT_TIME, AMOUNT) VALUES
('R200','P101','P128', '2020-07-11','VISA', '2020-07-11 10:34:25', 79.9),
('R201','P101','P133', '2021-04-09','CASH', '2021-04-09 11:30:30', 30),
('R202','P104','P130', '2021-01-16', 'MASTERCARD', '2021-01-16 12:15:14', 24.99),
('R203','P104','P128', '2021-07-19', 'VISA', '2021-07-19 12:30:12', 28.55),
('R204','P124','P090', '2021-8-20', 'CASH', '2021-8-20 12:24:16', 30.55),
('R205','P124','P093', '2022-04-30', 'VISA', '2022-04-30 12:40:11', 40.99),
('R206','P125','P095', '2021-04-12', 'MASTERCARD', '2021-04-12 13:14:45', 55.50),
('R207','P125','P129', '2020-08-19', 'MASTERCARD', '2020-08-19 13:18:11', 98.90),
('R209','P126','P155', '2019-02-01', 'VISA', '2019-02-01 14:15:40', 50),
('R210','P158','P160', '2020-04-23', 'MASTERCARD', '2020-04-23 14:45:32', 34),
('R211','P158','P159', '2021-07-28', 'CASH', '2021-07-28 15:01:55', 40),
('R212','P161','P094', '2021-06-22','VISA', '2021-06-22 15:04:12', 12),
('R213','P161','P156', '2021-08-29', 'CASH', '2021-08-29 15:10:15', 25),
('R214','P101','P152', '2021-02-25', 'VISA', '2021-02-25 15:20:27', 31.99),
('R215','P104','P129', '2021-09-21', 'MASTERCARD', '2021-09-21 15:16:29', 28.85),
('R216','P124','P127', '2021-05-28', 'CASH', '2021-05-28 15:20:54', 29.55),
('R217','P125','P134', '2021-10-17', 'MASTERCARD', '2021-10-17 15:30:54', 38),
('R218','P126','P128', '2021-01-15', 'CASH','2021-01-15 15:43:10', 26.5),
('R219','P158','P127', '2021-02-19', 'VISA', '2021-02-19 15:55:08', 45),
('R220','P161','P098', '2021-04-19','MASTERCARD', '2021-04-19 16:00:12',55);

INSERT INTO PAYMENT (PAYMENT_ID, RECEPTIONIST_ID, MEMBER_ID, ISSUE_DATE, PAYMENT_METHOD, PAYMENT_TIME, AMOUNT) VALUES
('R229','P101','P133', '2021-05-11','VISA', '2021-05-11 10:34:25', 79.9),
('R221','P101','P133', '2021-06-09','CASH', '2021-06-09 11:30:30', 30),
('R222','P104','P133', '2021-07-16', 'MASTERCARD', '2021-07-16 12:15:14', 24.99),
('R223','P104','P133', '2021-08-19', 'VISA', '2021-08-19 12:30:12', 28.55),
('R224','P124','P133', '2021-09-20', 'CASH', '2021-09-20 12:24:16', 30.55),
('R225','P124','P133', '2021-10-19', 'VISA', '2021-10-19 12:40:11', 40.99),
('R226','P125','P133', '2021-11-12', 'MASTERCARD', '2021-11-12 13:14:45', 55.50),
('R227','P125','P133', '2021-12-19', 'MASTERCARD', '2021-12-19 13:18:11', 98.90),
('R228','P126','P133', '2022-01-01', 'VISA', '2022-01-01 14:15:40', 50),
('R230','P158','P133', '2022-02-23', 'MASTERCARD', '2022-02-23 14:45:32', 34),
('R231','P158','P133', '2022-03-28', 'CASH', '2022-03-28 15:01:55', 40),
('R232','P161','P133', '2022-04-22','VISA', '2022-04-22 15:04:12', 12),
('R233','P161','P128', '2021-05-29', 'CASH', '2021-05-29 15:10:15', 25),
('R234','P101','P128', '2021-06-25', 'VISA', '2021-06-25 15:20:27', 31.99),
('R235','P104','P128', '2021-07-21', 'MASTERCARD', '2021-07-21 15:16:29', 28.85),
('R236','P124','P128', '2021-08-28', 'CASH', '2021-08-28 15:20:54', 29.55),
('R237','P125','P128', '2021-09-17', 'MASTERCARD', '2021-09-17 15:30:54', 38),
('R238','P126','P128', '2021-10-15', 'CASH','2021-10-15 15:43:10', 26.5),
('R239','P158','P128', '2021-11-19', 'VISA', '2021-11-19 15:55:08', 45),
('R240','P124','P128', '2021-12-28', 'CASH', '2021-12-28 15:20:54', 29.55),
('R241','P125','P128', '2022-01-17', 'MASTERCARD', '2022-01-17 15:30:54', 38),
('R242','P126','P128', '2022-02-15', 'CASH','2022-02-15 15:43:10', 26.5),
('R243','P158','P128', '2022-03-19', 'VISA', '2022-03-19 15:55:08', 45),
('R244','P161','P128', '2022-04-19','MASTERCARD', '2022-04-19 16:00:12',55);
INSERT INTO PAYMENT (PAYMENT_ID, RECEPTIONIST_ID, MEMBER_ID, ISSUE_DATE, PAYMENT_METHOD, PAYMENT_TIME, AMOUNT) VALUES
('R1001', 'P101', 'P150', '2022-02-02', 'CASH', '2022-02-02 10:12:45', 10.23),
('R1002', 'P104', 'P160', '2022-04-21', 'CASH', 	'2022-04-21 11:12:45', 10.24),
('R1003', 'P124', 'P132', '2022-03-16', 'VISA', 	'2022-03-16 12:12:45', 52.43),
('R1004', 'P161', 'P160', '2022-04-20', 'MASTERCARD', '2022-04-20 13:12:45', 23.54),
('R1005', 'P158', 'P195', '2022-04-02', 'VISA', 	'2022-04-02 10:42:45', 76.48),
('R1006', 'P158', 'P160', '2022-04-29', 'CASH', 	'2022-04-29 10:23:45', 23.94),
('R1007', 'P126', 'P156', '2022-04-24', 'VISA', 	'2022-04-24 22:18:38', 27.78),
('R1008', 'P125', 'P156', '2022-04-26', 'MASTERCARD', '2022-04-26 12:55:39', 23.33),
('R1009', 'P124', 'P152', '2022-04-27', 'VISA', 	'2022-04-27 07:55:45', 49.49),
('R1010', 'P101', 'P156', '2022-01-13', 'CASH', 	'2022-01-13 16:32:45', 49.29),
('R1011', 'P101', 'P161', '2022-04-21', 'CASH', '2022-04-21 16:35:19', 41.73),
('R1012', 'P101', 'P158', '2022-04-22', 'CASH', '2022-04-22 14:38:15', 59.93),
('R1013', 'P101', 'P093', '2022-04-30', 'CASH', '2022-04-30 16:30:29', 30.0);

------------------------
-- BOOK ISSUE
------------------------

INSERT INTO BOOK_ISSUE(BOOK_ID, PAYMENT_ID, MEMBER_ID, ISSUE_DATE) VALUES
('E11111', 'R200','P128', '2020-07-11'),
('E22222', 'R200','P128', '2020-07-11'),
('E33333', 'R200','P128', '2020-07-11'),
('E44444', 'R201','P133', '2021-04-09'),
('E55555', 'R201','P133', '2021-04-09'),
('E11112', 'R202','P130', '2021-01-16'),
('E22223', 'R202','P130', '2021-01-16'),
('E33334', 'R203','P128', '2021-07-19'),
('E44445', 'R203','P128', '2021-07-19'),
('E55556', 'R204','P090', '2021-8-20'),
('E11113', 'R204','P090', '2021-8-20'),
('E22224', 'R205','P093', '2022-04-30'),
('E33335', 'R205','P093', '2022-04-30'),
('E11111', 'R206','P095', '2021-04-12'),
('E22222', 'R206','P095', '2021-04-12'),
('E33333', 'R207','P129', '2020-08-19'),
('E44444', 'R207','P129', '2020-08-19'),
('E55555', 'R209','P155', '2019-02-01'),
('E11112', 'R210','P160', '2020-04-23'),
('E22223', 'R211','P159', '2021-07-28'),
('E33334', 'R212','P094', '2021-06-22'),
('E44445', 'R213','P156', '2021-08-29'),
('E55556', 'R214','P152', '2021-02-25'),
('E11113', 'R215','P129', '2021-09-21'),
('E22224', 'R216','P127', '2021-05-28'),
('E33335', 'R217','P134', '2021-10-17'),
('E44444', 'R218','P128', '2021-01-15'),
('E55555', 'R219','P127', '2021-02-19'),
('E11111', 'R220','P098', '2021-04-19'),
('E22222', 'R212','P094', '2021-06-22');

INSERT INTO BOOK_ISSUE (BOOK_ID, MEMBER_ID, ISSUE_DATE, PAYMENT_ID) VALUES
('S05604', 'P091', '2020-12-05', 'R2001'),
('S05605', 'P091', '2020-12-05', 'R2001'),
('S05606', 'P091', '2020-12-05', 'R2001'),
('C23222', 'P133', '2021-12-01', 'R2002'),
('C22222', 'P129', '2021-08-05', 'R2003'),
('C11111', 'P094', '2020-11-22', 'R2004'),
('C12111', 'P091', '2021-01-12', 'R2005'),
('S05609', 'P091', '2021-01-12', 'R2006'),
('C11111', 'P129', '2021-08-05', 'R2003'),
('C12111', 'P129', '2021-08-05', 'R2003');

INSERT INTO BOOK_ISSUE(PAYMENT_ID, MEMBER_ID, ISSUE_DATE, BOOK_ID) VALUES
('R229','P133', '2021-05-11', 'E11111'),
('R221','P133', '2021-06-09', 'E22222'),
('R222','P133', '2021-07-16', 'E33333'),
('R223','P133', '2021-08-19', 'E44444'),
('R224','P133', '2021-09-20', 'E55555'),
('R225','P133', '2021-10-19', 'E11112'),
('R226','P133', '2021-11-12', 'E22223'),
('R227','P133', '2021-12-19', 'E33334'),
('R228','P133', '2022-01-01', 'E44445'),
('R230','P133', '2022-02-23', 'E55556'),
('R231','P133', '2022-03-28', 'E11113'),
('R232','P133', '2022-04-22', 'E22224'),
('R233','P128', '2021-05-29', 'E11111'),
('R234','P128', '2021-06-25', 'E22222'),
('R235','P128', '2021-07-21', 'E33333'),
('R236','P128', '2021-08-28', 'E44444'),
('R237','P128', '2021-09-17', 'E55555'),
('R238','P128', '2021-10-15', 'E11112'),
('R239','P128', '2021-11-19', 'E22223'),
('R240','P128', '2021-12-28', 'E33334'),
('R241','P128', '2022-01-17', 'E44445'),
('R242','P128', '2022-02-15', 'E55556'),
('R243','P128', '2022-03-19', 'E11113'),
('R244','P128', '2022-04-19', 'E22224');

INSERT INTO BOOK_ISSUE VALUES
('C11111', 'P158', '2022-04-22', 'R1012'),
('C12111', 'P158', '2022-04-22', 'R1012'),
('C22222', 'P158', '2022-04-22', 'R1012'),
('E55555', 'P158', '2022-04-22', 'R1012'),
('E34443', 'P158', '2022-04-22', 'R1012'),
('E44444', 'P158', '2022-04-22', 'R1012'),
('C11111', 'P161', '2022-04-21', 'R1011'),
('C12111', 'P161', '2022-04-21', 'R1011'),
('C22222', 'P161', '2022-04-21', 'R1011'),
('E11111', 'P161', '2022-04-21', 'R1011'),
('E12235', 'P161', '2022-04-21', 'R1011'),
('E87876', 'P161', '2022-04-21', 'R1011'),
('C11111', 'P093', '2022-04-30', 'R1013'),
('C12111', 'P093', '2022-04-30', 'R1013'),
('C22222', 'P093', '2022-04-30', 'R1013'),
('E55555', 'P093', '2022-04-30', 'R1013'),
('E34443', 'P093', '2022-04-30', 'R1013'),
('E34443', 'P150', '2022-02-02', 'R1001'),
('E34444', 'P150', '2022-02-02', 'R1001'),
('E22224', 'P160', '2022-04-02', 'R1005'),
('E11111', 'P160', '2022-04-02', 'R1005'),
('E87876', 'P160', '2022-04-02', 'R1005'),
('E33333', 'P156', '2022-04-26', 'R1008'),
('E22223', 'P156', '2022-04-26', 'R1008'),
('E44444', 'P156', '2022-04-26', 'R1008'),
('E34443', 'P160', '2022-04-21', 'R1002'),
('E34444', 'P160', '2022-04-20', 'R1004'),
('E55555', 'P160', '2022-04-29', 'R1006'),
('E33333', 'P153', '2022-03-16', 'R1003'),
('E22223', 'P153', '2022-03-16', 'R1003'),
('E44444', 'P153', '2022-03-16', 'R1003'),
('E33334', 'P156', '2022-04-27', 'R1009'),
('E22222', 'P156', '2022-04-27', 'R1009'),
('E55555', 'P156', '2022-04-27', 'R1009'),
('M67810', 'P156', '2022-04-24', 'R1007'),
('M67813', 'P156', '2022-04-24', 'R1007'),
('M67856', 'P156', '2022-04-24', 'R1007'),
('M67856', 'P156', '2022-01-13', 'R1010');

-------------------------
-- CATALOG
-------------------------

INSERT INTO BOOK_CATALOG (BOOK_ID, DATE, CATALOGING_MANAGER_ID) VALUES
('C11111', '2020-11-22', 'P103'),
('C11111', '2021-08-05', 'P121'),
('C12111', '2021-01-12', 'P121'),
('C12111', '2021-08-05', 'P121'),
('C22222', '2021-08-05', 'P121'),
('C23222', '2021-12-01', 'P122'),
('E11111', '2021-04-12', 'P123'),
('E11111', '2021-04-19', 'P163'),
('E11111', '2020-07-11', 'P163'),
('E11111', '2022-04-02', 'P103'),
('E11112', '2021-01-16', 'P123'),
('E11112', '2020-04-23', 'P123'),
('E11113', '2021-08-20', 'P121'),
('E11113', '2021-09-21', 'P122'),
('E22222', '2021-06-22', 'P103'),
('E22222', '2021-04-12', 'P123'),
('E22222', '2020-07-11', 'P163'),
('E22222', '2022-04-27', 'P122'),
('E22223', '2021-01-16', 'P123'),
('E22223', '2022-03-16', 'P121'),
('E22223', '2021-07-28', 'P163'),
('E22224', '2022-08-19', 'P123'),
('E22224', '2021-05-28', 'P103'),
('E22224', '2022-04-02', 'P103'),
('E33333', '2020-07-11', 'P163'),
('E33333', '2020-08-19', 'P123'),
('E33333', '2022-03-16', 'P121'),
('E33334', '2021-06-22', 'P103'),
('E33334', '2021-07-19', 'P122'),
('E33334', '2022-04-27', 'P122'),
('E33335', '2022-08-19', 'P123'),
('E33335', '2021-10-17', 'P121'),
('E34443', '2022-02-02', 'P163'),
('E34443', '2022-04-21', 'P122'),
('E34444', '2022-02-02', 'P163'),
('E34444', '2022-04-20', 'P123'),
('E44444', '2021-01-15', 'P103'),
('E44444', '2022-04-26', 'P103'),
('E44445', '2021-07-19', 'P122'),
('E44445', '2021-08-29', 'P163'),
('E55555', '2021-02-19', 'P163'),
('E55555', '2021-04-09', 'P121'),
('E55555', '2019-02-01', 'P123'),
('E55555', '2022-04-27', 'P122'),
('E55555', '2022-04-29', 'P103'),
('E55556', '2021-08-20', 'P121'),
('E55556', '2021-02-25', 'P103'),
('E87876', '2022-04-02', 'P103'),
('M67810', '2022-04-24', 'P123'),
('M67813', '2022-04-24', 'P123'),
('M67856', '2022-01-13', 'P163'),
('M67856', '2022-04-24', 'P123'),
('S05604', '2020-12-05', 'P121'),
('S05605', '2020-12-05', 'P121'),
('S05606', '2020-12-05', 'P121'),
('S05609', '2021-01-12', 'P103'),
('E44444', '2021-04-09', 'P121'),
('E44444', '2022-03-16', 'P121'),
('E22223', '2022-04-26', 'P103'),
('E33333', '2022-04-26', 'P103');

-------------------------
-- PUBLISHER
-------------------------

INSERT INTO PUBLISHER (PUBLISHER_ID, PUBLISHER_NAME, ADDRESS, EMAIL, CONTACT) VALUES
('47', 'ARIHANT PUBLISHERS', '15217 GRAND RIVER ROAD FORTWORTH TEXAS', 'CONTACT@ARIHANT.COM', '124865328'),
('48', 'KRISHNA PRINTING LIMITED', '8978 FRANKFORD RD DALLAS TEXAS', 'CONTACT@KRISHNALTD.COM', '7364847374'),
('49', 'AMRUTHA PUBLICATIONS', '1234 GODLY ROAD ARKANSAS', 'CONTACT@SREESREE.COM', '8268698371'),
('10', 'MARVEL COMICS', '135 W 50TH STREET NEW YORK', 'CONTACT@MARVELCOMICS.COM', '9999999999'),
('11', 'DC COMICS', '2900 WEST ALAMEDA AVENUE BURBANK CALIFORNIA', 'CONTACT@DCCOMICS.COM', '8888888888');

INSERT INTO PUBLISHER VALUES
('50', 'ABC PUBLISHERS', '1000 WESLEY STREET, AUSTIN, TX, 77007', 'CONTACT@ABCPUBLISHER.COM', 		'7657474343'),
('51', 'BLUEBERRY PUBLISHERS', '900 WESLEY STREET, AUSTIN, TX, 77007', 'CONTACT@BLUEBERRY.COM', 	'4545444343'),
('52', 'ORANGE PUBLISHERS', '800 WESLEY STREET, AUSTIN, TX, 77007', 'CONTACT@ORANGEPUBLISHERS.COM', '8534748324'),
('53', 'APPLE PUBLISHERS', '700 WESLEY STREET, AUSTIN, TX, 77007', 'CONTACT@APPLEBOOKS.COM', 		'5487948433'),
('54', 'REDWOOD PUBLISHERS', '600 WESLEY STREET, AUSTIN, TX, 77007', 'CONTACT@REDWOODBOOKS.COM', 	'4534622664'),
('55', 'MCGRAW PUBLISHERS', '500 WESLEY STREET, AUSTIN, TX, 77007', 'CONTACT@MCGRAWBOOKS.COM', 		'8945768488');

INSERT INTO PUBLISHER(PUBLISHER_ID, PUBLISHER_NAME, ADDRESS, EMAIL, CONTACT) VALUES
('71', 'SARASWATI PUBLICATIONS', '83 RANDALL MILL LANE VINCENTOWN, NJ 08088', 'CONTACT@SP.COM', '7897847321'),
('72', 'RAMBANTU PUBLICATIONS', '6 NE. PIERCE ST. MOUNT LAUREL, NJ 08054', 'CONTACT@RP.COM', '9123819201'),
('73', 'GEORGE PUBLICATIONS', '524 BELLEVUE LANE AMBLER, PA 19002', 'CONTACT@GP.COM', '8797345908'),
('74', 'DAN PUBLICATIONS', '9389 RIDGEVIEW ST. MOUNT PLEASANT, SC 29464', 'CONTACT@DP.COM', '7876756394'),
('75', 'SAMANTHA PUBLICATIONS', '39 RIDGEVIEW STREET GREENFIELD, IN 46140', 'CONTACT@SAMPUB.COM', '6787947781');

-------------------------
-- BOOKS
-------------------------

INSERT INTO BOOKS (BOOK_ID, BOOK_TITLE, BOOK_EDITION, PUBLISHER_ID, CATEGORY) VALUES
('S05604', 'CONCEPTS OF PHYSICS VOLUME 1 & 2', '1', '47', 'SCIENCE'),
('S05605', 'OBJECTIVE PHYSICS VOLUME 1 AND 2', '2', '47', 'SCIENCE'),
('S05606', 'H.C. VERMA', '2', '47', 'SCIENCE'),
('S05609', 'PHYSICAL AND INORGANIC CHEMISTRY', '4', '49', 'SCIENCE'),
('C11111', 'DEFENDERS: THERE ARE NO RULES', '15', '10', 'COMICS'),
('C12111', 'DOCTOR STRANGE: NEXUS OF NIGHTMARES', '5', '10', 'COMICS'),
('C22222', 'BATMAN: THE DARK KNIGHT RETURNS', '1', '11', 'COMICS'),
('C23222', 'SUPERMAN: AN ORIGIN STORY', '2', '11', 'COMICS');

INSERT INTO books VALUES
('E34443', 'FUNDAMENTALS OF DATABASE DESIGN', '6', '51', 'ENGINEERING'),
('E34444', 'FUNDAMENTALS OF DATABASE DESIGN', '7', '51', 'ENGINEERING'),
('M67856', 'ANATOMY BASICS', '8', '52', 'MEDICINE'),
('M67810', 'ANATOMY BASICS', '9', '52', 'MEDICINE'),
('M67813', 'ANATOMY BASICS', '7', '52', 'MEDICINE'),
('E78698', 'DATA STRUCTURES AND ALGORITHMS', '4', '53' , 'ENGINEERING'),
('E78612', 'DATA STRUCTURES AND ALGORITHMS', '5', '53' , 'ENGINEERING'),
('E87871', 'OPERATING SYSTEM CONCEPTS', '1', '54' , 'ENGINEERING'),
('E87876', 'OPERATING SYSTEM CONCEPTS', '2', '54' , 'ENGINEERING'),
('E12235', 'COMPUTER ARCHITECTURE', '7', '55' , 'ENGINEERING'),
('E12238', 'COMPUTER ARCHITECTURE', '8', '55' , 'ENGINEERING');

INSERT INTO BOOKS(BOOK_ID, BOOK_TITLE, BOOK_EDITION, PUBLISHER_ID, CATEGORY) VALUES
('E11111', 'CODE: THE HIDDEN LANGUAGE OF COMPUTER HARDWARE AND SOFTWARE', '1', '71', 'ENGINEERING'),
('E11112', 'CODE: THE HIDDEN LANGUAGE OF COMPUTER HARDWARE AND SOFTWARE', '2', '71', 'ENGINEERING'),
('E11113', 'CODE: THE HIDDEN LANGUAGE OF COMPUTER HARDWARE AND SOFTWARE', '3', '71', 'ENGINEERING'),
('E22222', 'CLEAN CODE: A HANDBOOK OF AGILE SOFTWARE CRAFTMANSHIP', '1', '72', 'ENGINEERING'),
('E22223', 'CLEAN CODE: A HANDBOOK OF AGILE SOFTWARE CRAFTMANSHIP', '2', '72', 'ENGINEERING'),
('E22224', 'CLEAN CODE: A HANDBOOK OF AGILE SOFTWARE CRAFTMANSHIP', '3', '72', 'ENGINEERING'),
('E33333', 'CODE COMPLETE: A PRACTICAL HANDBOOK OF SOFTWARE CONSTRUCTION', '1', '73', 'ENGINEERING'),
('E33334', 'CODE COMPLETE: A PRACTICAL HANDBOOK OF SOFTWARE CONSTRUCTION', '2', '73', 'ENGINEERING'),
('E33335', 'CODE COMPLETE: A PRACTICAL HANDBOOK OF SOFTWARE CONSTRUCTION', '3', '73', 'ENGINEERING'),
('E44444', 'ALGORITHMS', '1', '74', 'ENGINEERING'),
('E44445', 'ALGORITHMS', '2', '74', 'ENGINEERING'),
('E55555', 'TYPES OF PROGRAMMING LANGUAGES', '1', '75', 'ENGINEERING'),
('E55556', 'TYPES OF PROGRAMMING LANGUAGES', '2', '75', 'ENGINEERING');


-------------------------
-- WRITES_BOOKS
-------------------------

INSERT INTO WRITES_BOOK (BOOK_ID, AUTHOR_ID) VALUES
('S05604', 'A303'),
('S05604', 'A105'),
('S05604', 'A100'),
('S05606', 'A302'),
('S05606', 'A305'),
('S05605', 'A303'),
('S05609', 'A304'),
('C11111', 'A306'),
('C12111', 'A306'),
('C22222', 'A306'),
('C23222', 'A306');

INSERT INTO WRITES_BOOK VALUES
('E34443', 'A100'),
('E34443', 'A101'),
('E34443', 'A102'),
('E34444', 'A100'),
('E34444', 'A101'),
('E34444', 'A102'),
('M67856', 'A103'),
('M67856', 'A104'),
('M67810', 'A103'),
('M67810', 'A104'),
('M67813', 'A103'),
('M67813', 'A104'),
('E78698', 'A105'),
('E78612', 'A105'),
('E87871', 'A106'),
('E87876', 'A106'),
('E12235', 'A107'),
('E12235', 'A108'),
('E12235', 'A109'),
('E12238', 'A107'),
('E12238', 'A108'),
('E12238', 'A109');

INSERT INTO WRITES_BOOK(BOOK_ID, AUTHOR_ID) VALUES
('E11111', 'A200'),
('E11112', 'A200'),
('E11113', 'A200'),
('E22222','A201'),
('E22223','A201'),
('E22224','A201'),
('E33333','A202'),
('E33334','A202'),
('E33335','A202'),
('E44444','A203'),
('E44444','A204'),
('E44445','A203'),
('E44445','A204'),
('E55555','A205'),
('E55556','A205');

-------------------------
-- COMMENTS
-------------------------
INSERT INTO COMMENTS(COMMENT_ID, COMMENT_TIME, COMMENT_TEXT, RATING_SCORE, BOOK_ID, PERSON_ID) VALUES
('CM2000', '2020-07-25 12:30:34', 'BEST BOOK EVER!', 5, 'E22222', 'P128'),
('CM2001', '2021-04-25 13:23:46', 'BOOK IS GOOD', 3, 'E55555', 'P133'),
('CM2002', '2021-07-30 14:25:30', 'ILL REFER THIS BOOK TO ANYONE', 4, 'E33334','P128'),
('CM2003', '2021-8-30 15:01:40', 'I LOVE THE BOOK', 4, 'E11113','P090'),
('CM2004', '2021-04-29 12:40:12','THIS BOOK IS GOOD', 4 ,'E22222','P095'),
('CM2005', '2021-09-29 13:34:20', 'THIS BOOK IS BEST',5, 'E11113', 'P129'),
('CM2007', '2021-10-27 10:12:30', 'THIS BOOK IS OK', 2,'E33335','P134'),
('CM2006', '2021-02-28 16:25:30', 'THIS BOOK IS BEST', 4, 'E55555','P127');

INSERT INTO COMMENTS (COMMENT_ID, BOOK_ID, COMMENT_TIME, COMMENT_TEXT, RATING_SCORE, PERSON_ID) VALUES
('CM00001', 'S05604', '2020-12-25 1:00:53', 'NICE READ!!', 3, 'P091'),
('CM00002', 'S05605', '2020-12-31 11:09:09', 'MUST READ', 5, 'P091'),
('CM00003', 'S05606', '2021-01-09 11:15:11', 'GOOD READ', 4, 'P091'),
('CM00004', 'C12111', '2021-09-05 11:09:10', 'AWESOME', 5, 'P129'),
('CM00005', 'C11111', '2020-12-01 08:10:11', 'ONE OF THE BEST', 5, 'P094');

insert into COMMENTS values
('CM1000', '2022-04-29 12:11:56', 'GOOD BOOK. MUST READ.', 4, 	'P150', 'E34443'),
('CM1001', '2022-05-01 21:38:06', 'AVERAGE BOOK.', 3, 			'P150', 'E34444'),
('CM1002', '2022-04-01 22:37:51', 'NOT HELPFUL', 2, 			'P153', 'E22223'),
('CM1003', '2022-05-01 00:36:22', 'COVERS ALL TOPICS', 5, 		'P153', 'E33333');

insert into COMMENTS values
('CM1004', '2022-04-28 12:45:34', 'CAN BE BETTER', 2, 			'P160', 'E87876'),
('CM1005', '2022-04-27 09:24:48', 'OK', 5, 						'P156', 'E22222'),
('CM1006', '2022-04-25 16:39:19', 'HIGHLY RECOMMENDED', 5, 		'P129', 'E33333'),
('CM1007', '2022-04-26 13:38:28', 'CAN BE USED AS REFERENCE', 4, 'P129', 'E44444');

insert into COMMENTS values
('CM1008', '2022-04-27 03:36:27', 'VERY ADVANCED', 4, 			 'P155', 'E55555'),
('CM1009', '2022-04-30 14:35:56', 'VERY BASIC', 3, 			 	 'P093', 'E33335'),
('CM1010', '2022-04-21 15:02:36', 'DETAILED EXPLANATION', 3, 	 'P095', 'E11111'),
('CM1011', '2022-04-10 17:43:10', 'VERY USEFUL', 4, 		     'P128', 'E44445'),
('CM1012', '2022-03-30 18:14:46', 'BROAD COVERAGE OF TOPICS', 4, 'P128', 'E33334');

-------------------------
-- GUEST LOG
-------------------------

INSERT INTO GUEST_LOG VALUES
('1', '1800', 'JOHN DOE', '7777 RANDOM STREET, DALLAS, TX, 75252', '3238889999'),
('2', '1800', 'JOHN STUART', 	'7778 RANDOM STREET, DALLAS, TX, 75252', '3237779999'),
('1', '1803', 'JESSICA PEARSON', '7787 RANDOM STREET, DALLAS, TX, 75252', '3236669999'),
('2', '1804', 'RACHEL JACKSON', '7117 RANDOM STREET, DALLAS, TX, 75252', '4536669999');


-------------------------
-- PROMOTION
-------------------------

INSERT INTO PROMOTION (PROMOTION_CODE, PROMOTION_DESCRIPTION) VALUES
('A0B02', 'DIWALI 50%'),
('A0001', 'CHRISTMAS BOGO'),
('B0202', 'FIRST SPRING'),
('B0356', '20% OFF'),
('C5655', '30% HOLI');

INSERT INTO PROMOTION(PROMOTION_CODE, PROMOTION_DESCRIPTION) VALUES
('M0D02', 'MOTHERS DAY 15%'),
('F0D01', 'FATHERS DAY 10%'),
('T0G03', 'THANKS GIVING 20%'),
('G0F21', 'FEBRUARY BONANZA 30%'),
('M05D3', 'SUMMER BONANZA 40%');

INSERT INTO PROMOTION (PROMOTION_CODE, PROMOTION_DESCRIPTION) VALUES
('PCD50', 'GET BOOK FOR 50% OFF'),
('PT3T1', 'TAKE 3 BOOKS GET ONE FREE'),
('PC00E', 'TAKE 5 BOOKS GET 1 MONTH MEMBERSHIP FREE'),
('PC356', 'TAKE 10 BOOKS GET 1 MONTH MEMBERSHIP FREE'),
('PCGGG', 'BRING 3 GUESTS AND GET 1 MONTH MEMBERSHIP FREE');

INSERT INTO library_code_promotions (PROMOTION_CODE, CARD_ID) VALUES
('PCD50', '1801'),
('PCD50', '1807'),
('PCD50', '1802'),
('PT3T1', '1902'),
('PT3T1', '1905'),
('PC00E', '2130'),
('PC00E', '2122'),
('PC00E', '2120'),
('PC00E', '1910'),
('PC00E', '1908'),
('PC356', '1801'),
('PCGGG', '1908'),
('PCGGG', '2102'),
('PCGGG', '2122');

INSERT INTO LIBRARY_CODE_PROMOTIONS (CARD_ID, PROMOTION_CODE) VALUES
('1800', 'A0B02'),
('1807', 'B0356'),
('1805', 'A0001'),
('1909', 'B0202'),
('2103', 'A0B02'),
('2122', 'A0B02'),
('2130', 'A0001'),
('2214', 'B0356'),
('1902', 'C5655');

INSERT INTO LIBRARY_CODE_PROMOTIONS(CARD_ID, PROMOTION_CODE) VALUES
('2120', 'M0D02'),
('2122', 'F0D01'),
('2214', 'M05D3'),
('1909','T0G03'),
('2130', 'G0F21'),
('2216', 'M05D3');